type,url
PERSONAL,https://embotellador.es
PERSONAL,https://alegre.pro
PERSONAL,https://raulillana.com
FREELANCE,https://cooperatingvolunteers.com
AGENCY,https://unareceta.com
AGENCY,https://museunacional.cat
AGENCY,https://pcactual.com
AGENCY,https://socialistes.cat
AGENCY,https://rbarevistas.com
AGENCY,https://agorasanitaria.com/
AGENCY,https://cofbserveis.net/
AGENCY,https://ddgi.cat/web/
AGENCY,https://miriadax.net/
AGENCY,https://smartcampus.neurotrauma.net/
AGENCY,https://moodleted.telefonicaed.com/
AGENCY,https://theycorrect.com/
AGENCY,https://wiikon.es/
AGENCY,https://campus-mcmutual.com/
AGENCY,https://geze.es/
AGENCY,https://irec.cat/
AGENCY,https://actualidadviajes.com/
AGENCY,https://absolutcruceros.com/
AGENCY,https://tatuantes.com/
AGENCY,https://notigatos.es/
AGENCY,https://noticaballos.com/
FREELANCE,https://coptering.com
FREELANCE,https://kalapaclinic.com
FREELANCE,https://misterbarcelo.com
FREELANCE,https://felycan.es
FREELANCE,https://sensalialabs.com
FREELANCE,https://stakehound.com
FREELANCE,https://imperfectus.com
PERSONAL,https://iphoneado.com
PERSONAL,https://paradiabeticos.es
PERSONAL,https://wpmercs.com
PERSONAL,https://wordcamp.es
AGENCY,https://mundoperros.es/
AGENCY,https://meteorologiaenred.com/
AGENCY,https://hombresconestilo.com/
AGENCY,https://cibercactus.com/
AGENCY,https://actualidadliteratura.com/
AGENCY,https://renovablesverdes.com/
AGENCY,https://formacionyestudios.com/
AGENCY,https://economiafinanzas.com/
AGENCY,https://actualidadecommerce.com/
AGENCY,https://nutridieta.com/
AGENCY,https://madreshoy.com/
AGENCY,https://jardineriaon.com/
AGENCY,https://thermorecetas.com/
AGENCY,https://mycookrecetas.com/
AGENCY,https://windowsnoticias.com/
AGENCY,https://ubunlog.com/
AGENCY,https://trucosdescargas.com/
AGENCY,https://todoereaders.com/
AGENCY,https://soydemac.com/
AGENCY,https://linuxadictos.com/
AGENCY,https://hwlibre.com/
AGENCY,https://blog.desdelinux.net/
AGENCY,https://creativosonline.org/blog/
AGENCY,https://androidguias.com/
AGENCY,https://androidsis.com/
AGENCY,https://actualidadiphone.com/
AGENCY,https://actualidadgadget.com
AGENCY,https://actualidadmotor.com
AGENCY,https://guiaswow.com
AGENCY,https://bezzia.com
AGENCY,https://lasrecetascocina.com
AGENCY,https://hoteles4you.com
AGENCY,https://absolutviajes.com
AGENCY,https://actualidadblog.com
AGENCY,https://abinternet.es
AGENCY,https://crenco.org/
AGENCY,https://dracoglobal.es/
AGENCY,https://eduma.com/
AGENCY,https://escolamarilocasals.com/
AGENCY,https://fp.uoc.fje.edu/ca/estudis
AGENCY,https://folio.uoc.edu/
AGENCY,https://uoc.edu/portal/es/uoc-x/
AGENCY,https://didactaplus.com/
AGENCY,https://mirai.com
AGENCY,https://almirall.com
AGENCY,https://almirall.es
AGENCY,https://almirall.co.uk
AGENCY,https://almirall.global
AGENCY,https://terribilis.net
AGENCY,https://blog.camon.es
AGENCY,https://iasist.com.es
AGENCY,https://gestion.campus-mcmutual.com/